url,http_code,ms,redirected,location,content_type,error
"https://sanzhan-peijiang.vercel.app/",0,4010,0,"","","timeout(4000ms)"
"https://sanzhan-peijiang.vercel.app/generals",0,4002,0,"","","timeout(4000ms)"
"https://sanzhan-peijiang.vercel.app/skills",0,4003,0,"","","timeout(4000ms)"
"https://sanzhan-peijiang.vercel.app/lineups",0,4004,0,"","","timeout(4000ms)"
"https://sanzhan-peijiang.vercel.app/sandbox",0,4005,0,"","","timeout(4000ms)"
"https://sanzhan-peijiang.vercel.app/battle",0,4006,0,"","","timeout(4000ms)"
"https://sanzhan-peijiang.vercel.app/traits",0,4007,0,"","","timeout(4000ms)"
"https://sanzhan-peijiang.vercel.app/patches",0,4012,0,"","","timeout(4000ms)"
"https://sanzhan-peijiang.vercel.app/search",0,4013,0,"","","timeout(4000ms)"
"https://sanzhan-peijiang.vercel.app/sitemap.xml",0,4014,0,"","","timeout(4000ms)"
"https://sanzhan-peijiang.vercel.app/robots.txt",0,4015,0,"","","timeout(4000ms)"
"https://sanzhan-peijiang.vercel.app/generals/zhuge_liang",0,4016,0,"","","timeout(4000ms)"
"https://sanzhan-peijiang.vercel.app/generals/liu_bei",0,4017,0,"","","timeout(4000ms)"
"https://sanzhan-peijiang.vercel.app/generals/zhang_fei",0,4018,0,"","","timeout(4000ms)"
"https://sanzhan-peijiang.vercel.app/generals/guan_yu",0,4019,0,"","","timeout(4000ms)"
"https://sanzhan-peijiang.vercel.app/generals/zhao_yun",0,4020,0,"","","timeout(4000ms)"
"https://sanzhan-peijiang.vercel.app/generals/cao_cao",0,4004,0,"","","timeout(4000ms)"
"https://sanzhan-peijiang.vercel.app/generals/sima_yi",0,4004,0,"","","timeout(4000ms)"
"https://sanzhan-peijiang.vercel.app/generals/guo_jia",0,4005,0,"","","timeout(4000ms)"
"https://sanzhan-peijiang.vercel.app/generals/zhang_liao",0,4005,0,"","","timeout(4000ms)"
"https://sanzhan-peijiang.vercel.app/generals/xu_chu",0,4004,0,"","","timeout(4000ms)"
"https://sanzhan-peijiang.vercel.app/generals/dian_wei",0,4004,0,"","","timeout(4000ms)"
"https://sanzhan-peijiang.vercel.app/generals/xiahou_dun",0,4008,0,"","","timeout(4000ms)"
"https://sanzhan-peijiang.vercel.app/generals/xiahou_yuan",0,4003,0,"","","timeout(4000ms)"
"https://sanzhan-peijiang.vercel.app/generals/zhang_he",0,4002,0,"","","timeout(4000ms)"
"https://sanzhan-peijiang.vercel.app/generals/xu_huang",0,4001,0,"","","timeout(4000ms)"
"https://sanzhan-peijiang.vercel.app/generals/yu_jin",0,4000,0,"","","timeout(4000ms)"
"https://sanzhan-peijiang.vercel.app/generals/le_jin",0,4009,0,"","","timeout(4000ms)"
"https://sanzhan-peijiang.vercel.app/generals/huang_zhong",0,4009,0,"","","timeout(4000ms)"
"https://sanzhan-peijiang.vercel.app/generals/ma_chao",0,4008,0,"","","timeout(4000ms)"
"https://sanzhan-peijiang.vercel.app/generals/jiang_wei",0,4007,0,"","","timeout(4000ms)"
"https://sanzhan-peijiang.vercel.app/generals/wei_yan",0,4008,0,"","","timeout(4000ms)"
"https://sanzhan-peijiang.vercel.app/generals/guan_ping",0,4005,0,"","","timeout(4000ms)"
"https://sanzhan-peijiang.vercel.app/generals/pang_tong",0,4005,0,"","","timeout(4000ms)"
"https://sanzhan-peijiang.vercel.app/generals/fa_zheng",0,4003,0,"","","timeout(4000ms)"
"https://sanzhan-peijiang.vercel.app/generals/liu_ba",0,4001,0,"","","timeout(4000ms)"
"https://sanzhan-peijiang.vercel.app/generals/sun_quan",0,4000,0,"","","timeout(4000ms)"
"https://sanzhan-peijiang.vercel.app/generals/zhou_yu",0,4000,0,"","","timeout(4000ms)"
"https://sanzhan-peijiang.vercel.app/generals/lu_xun",0,4006,0,"","","timeout(4000ms)"
"https://sanzhan-peijiang.vercel.app/generals/tai_shi_ci",0,4005,0,"","","timeout(4000ms)"
"https://sanzhan-peijiang.vercel.app/generals/gan_ning",0,4004,0,"","","timeout(4000ms)"
"https://sanzhan-peijiang.vercel.app/generals/lv_meng",0,4005,0,"","","timeout(4000ms)"
"https://sanzhan-peijiang.vercel.app/generals/lu_su",0,4005,0,"","","timeout(4000ms)"
"https://sanzhan-peijiang.vercel.app/generals/daqiao",0,4005,0,"","","timeout(4000ms)"
"https://sanzhan-peijiang.vercel.app/generals/xiaoqiao",0,4006,0,"","","timeout(4000ms)"
"https://sanzhan-peijiang.vercel.app/generals/sun_ce",0,4007,0,"","","timeout(4000ms)"
"https://sanzhan-peijiang.vercel.app/generals/zhou_tai",0,4007,0,"","","timeout(4000ms)"
"https://sanzhan-peijiang.vercel.app/generals/huang_gai",0,4008,0,"","","timeout(4000ms)"
"https://sanzhan-peijiang.vercel.app/generals/lv_bu",0,4005,0,"","","timeout(4000ms)"
"https://sanzhan-peijiang.vercel.app/generals/dong_zhuo",0,4005,0,"","","timeout(4000ms)"
"https://sanzhan-peijiang.vercel.app/generals/hua_tuo",0,4007,0,"","","timeout(4000ms)"
"https://sanzhan-peijiang.vercel.app/generals/zuo_ci",0,4007,0,"","","timeout(4000ms)"
"https://sanzhan-peijiang.vercel.app/generals/yu_ji",0,4008,0,"","","timeout(4000ms)"
"https://sanzhan-peijiang.vercel.app/generals/zhang_jiao",0,4008,0,"","","timeout(4000ms)"
"https://sanzhan-peijiang.vercel.app/generals/diao_chan",0,4001,0,"","","timeout(4000ms)"
"https://sanzhan-peijiang.vercel.app/generals/chen_gong",0,4002,0,"","","timeout(4000ms)"
"https://sanzhan-peijiang.vercel.app/generals/sp_zhuge_liang",0,4003,0,"","","timeout(4000ms)"
"https://sanzhan-peijiang.vercel.app/generals/sp_guan_yu",0,4003,0,"","","timeout(4000ms)"
"https://sanzhan-peijiang.vercel.app/generals/sp_cao_cao",0,4003,0,"","","timeout(4000ms)"
"https://sanzhan-peijiang.vercel.app/generals/sp_zhou_yu",0,4005,0,"","","timeout(4000ms)"
"https://sanzhan-peijiang.vercel.app/generals/sp_lv_bu",0,4004,0,"","","timeout(4000ms)"
"https://sanzhan-peijiang.vercel.app/skills/qi_xing_zhen",0,4003,0,"","","timeout(4000ms)"
"https://sanzhan-peijiang.vercel.app/skills/ren_de_zai_shi",0,4002,0,"","","timeout(4000ms)"
"https://sanzhan-peijiang.vercel.app/skills/wan_ren_zhi_di",0,4002,0,"","","timeout(4000ms)"
"https://sanzhan-peijiang.vercel.app/skills/wei_zhen_hua_xia",0,4005,0,"","","timeout(4000ms)"
"https://sanzhan-peijiang.vercel.app/skills/long_dan",0,4004,0,"","","timeout(4000ms)"
"https://sanzhan-peijiang.vercel.app/skills/kong_cheng_ji",0,4004,0,"","","timeout(4000ms)"
"https://sanzhan-peijiang.vercel.app/skills/yi_xin_zhao_yong",0,4004,0,"","","timeout(4000ms)"
"https://sanzhan-peijiang.vercel.app/skills/chen_mu_heng_mao",0,4006,0,"","","timeout(4000ms)"
"https://sanzhan-peijiang.vercel.app/skills/heng_sao_qian_jun",0,4006,0,"","","timeout(4000ms)"
"https://sanzhan-peijiang.vercel.app/skills/tai_ping_dao_fa",0,4005,0,"","","timeout(4000ms)"
"https://sanzhan-peijiang.vercel.app/skills/gua_gu_liao_du",0,4007,0,"","","timeout(4000ms)"
"https://sanzhan-peijiang.vercel.app/skills/yi_qi_li_ci",0,4007,0,"","","timeout(4000ms)"
"https://sanzhan-peijiang.vercel.app/skills/po_zhen_cui_jian",0,4008,0,"","","timeout(4000ms)"
"https://sanzhan-peijiang.vercel.app/skills/huo_chi_yuan_liao",0,4008,0,"","","timeout(4000ms)"
"https://sanzhan-peijiang.vercel.app/skills/shi_bie_san_ri",0,4005,0,"","","timeout(4000ms)"
"https://sanzhan-peijiang.vercel.app/skills/jie_li_zuo_mou",0,4005,0,"","","timeout(4000ms)"
"https://sanzhan-peijiang.vercel.app/skills/bing_feng",0,4005,0,"","","timeout(4000ms)"
"https://sanzhan-peijiang.vercel.app/skills/wu_feng_zhen",0,4005,0,"","","timeout(4000ms)"
"https://sanzhan-peijiang.vercel.app/skills/xi_liang_tie_qi",0,4005,0,"","","timeout(4000ms)"
"https://sanzhan-peijiang.vercel.app/skills/bei_she_gui_che",0,4003,0,"","","timeout(4000ms)"
"https://sanzhan-peijiang.vercel.app/skills/chen_sha_jue_shui",0,4004,0,"","","timeout(4000ms)"
"https://sanzhan-peijiang.vercel.app/skills/yong_wu_tong_shen",0,4004,0,"","","timeout(4000ms)"
"https://sanzhan-peijiang.vercel.app/skills/xing_ji_jun_lve",0,4005,0,"","","timeout(4000ms)"
"https://sanzhan-peijiang.vercel.app/skills/shi_zhi_bu_yi",0,4004,0,"","","timeout(4000ms)"
"https://sanzhan-peijiang.vercel.app/skills/yong_guan_san_jun",0,4004,0,"","","timeout(4000ms)"
"https://sanzhan-peijiang.vercel.app/skills/yi_li_ju_shou",0,4005,0,"","","timeout(4000ms)"
"https://sanzhan-peijiang.vercel.app/skills/yi_dan_zhong_xin",0,4003,0,"","","timeout(4000ms)"
"https://sanzhan-peijiang.vercel.app/skills/xue_jian_xuan_yuan",0,4004,0,"","","timeout(4000ms)"
"https://sanzhan-peijiang.vercel.app/skills/xiao_yong_wu_pi",0,4004,0,"","","timeout(4000ms)"
"https://sanzhan-peijiang.vercel.app/skills/gui_shen_mo_ce",0,4004,0,"","","timeout(4000ms)"
"https://sanzhan-peijiang.vercel.app/skills/jian_ti_qiang_shen",0,4003,0,"","","timeout(4000ms)"
"https://sanzhan-peijiang.vercel.app/skills/xu_shi_dai_fa",0,4004,0,"","","timeout(4000ms)"
"https://sanzhan-peijiang.vercel.app/skills/ba_men_jin_suo_zhen",0,4004,0,"","","timeout(4000ms)"
"https://sanzhan-peijiang.vercel.app/skills/zheng_zhuang_dai_fa",0,4004,0,"","","timeout(4000ms)"
"https://sanzhan-peijiang.vercel.app/skills/shi_zheng_xian_fu",0,4004,0,"","","timeout(4000ms)"
"https://sanzhan-peijiang.vercel.app/skills/bao_lian_si_fang",0,4006,0,"","","timeout(4000ms)"
"https://sanzhan-peijiang.vercel.app/skills/duan_bing_xiang_jie",0,4005,0,"","","timeout(4000ms)"
"https://sanzhan-peijiang.vercel.app/skills/qie_zhen_duo_shuai",0,4005,0,"","","timeout(4000ms)"
"https://sanzhan-peijiang.vercel.app/skills/feng_shi_zhen",0,4004,0,"","","timeout(4000ms)"
"https://sanzhan-peijiang.vercel.app/skills/he_yi_zhen",0,4005,0,"","","timeout(4000ms)"
"https://sanzhan-peijiang.vercel.app/skills/yu_lin_zhen",0,4005,0,"","","timeout(4000ms)"
"https://sanzhan-peijiang.vercel.app/skills/ba_gua_zhen",0,4004,0,"","","timeout(4000ms)"
"https://sanzhan-peijiang.vercel.app/skills/yan_xing_zhen",0,4003,0,"","","timeout(4000ms)"
"https://sanzhan-peijiang.vercel.app/skills/da_yan_zhen",0,4003,0,"","","timeout(4000ms)"
"https://sanzhan-peijiang.vercel.app/skills/da_ji_shi",0,4004,0,"","","timeout(4000ms)"
"https://sanzhan-peijiang.vercel.app/skills/fei_xiong_jun",0,4004,0,"","","timeout(4000ms)"
"https://sanzhan-peijiang.vercel.app/skills/bai_ma_yi_cong",0,4006,0,"","","timeout(4000ms)"
"https://sanzhan-peijiang.vercel.app/skills/wu_dang_fei_jun",0,4006,0,"","","timeout(4000ms)"
"https://sanzhan-peijiang.vercel.app/skills/teng_jia_bing",0,4007,0,"","","timeout(4000ms)"
"https://sanzhan-peijiang.vercel.app/skills/hu_bao_qi",0,4008,0,"","","timeout(4000ms)"
"https://sanzhan-peijiang.vercel.app/lineups/shu_qiang",0,4011,0,"","","timeout(4000ms)"
"https://sanzhan-peijiang.vercel.app/lineups/sima_yi_dun",0,4004,0,"","","timeout(4000ms)"
"https://sanzhan-peijiang.vercel.app/lineups/wei_qi",0,4004,0,"","","timeout(4000ms)"
"https://sanzhan-peijiang.vercel.app/lineups/wu_mou_chen",0,4003,0,"","","timeout(4000ms)"
"https://sanzhan-peijiang.vercel.app/lineups/shu_zhi",0,4002,0,"","","timeout(4000ms)"
"https://sanzhan-peijiang.vercel.app/lineups/wu_hu_qiang",0,4001,0,"","","timeout(4000ms)"
"https://sanzhan-peijiang.vercel.app/lineups/jiang_wei_qiang",0,4001,0,"","","timeout(4000ms)"
"https://sanzhan-peijiang.vercel.app/lineups/wu_gong",0,4009,0,"","","timeout(4000ms)"
"https://sanzhan-peijiang.vercel.app/lineups/dong_wu_da_du_du",0,4007,0,"","","timeout(4000ms)"
"https://sanzhan-peijiang.vercel.app/lineups/wu_qi",0,4003,0,"","","timeout(4000ms)"
"https://sanzhan-peijiang.vercel.app/lineups/san_shi_lu",0,4001,0,"","","timeout(4000ms)"
"https://sanzhan-peijiang.vercel.app/lineups/qun_gong",0,4014,0,"","","timeout(4000ms)"
"https://sanzhan-peijiang.vercel.app/lineups/qun_xiong_qi",0,4004,0,"","","timeout(4000ms)"
"https://sanzhan-peijiang.vercel.app/lineups/zhang_jiao_dun",0,4002,0,"","","timeout(4000ms)"
"https://sanzhan-peijiang.vercel.app/lineups/tao_yuan_dun",0,4000,0,"","","timeout(4000ms)"
"https://sanzhan-peijiang.vercel.app/generals/non_exist_id_xxx",0,4014,0,"","","timeout(4000ms)"
"https://sanzhan-peijiang.vercel.app/skills/non_exist_id_xxx",0,4009,0,"","","timeout(4000ms)"
"https://sanzhan-peijiang.vercel.app/lineups/non_exist_id_xxx",0,4004,0,"","","timeout(4000ms)"
"https://sanzhan-peijiang.vercel.app/traits/non_exist_id_xxx",0,4005,0,"","","timeout(4000ms)"
"https://sanzhan-peijiang.vercel.app/Generals",0,4004,0,"","","timeout(4000ms)"
"https://sanzhan-peijiang.vercel.app/generals/",0,4003,0,"","","timeout(4000ms)"
"https://sanzhan-peijiang.vercel.app/skills/",0,4002,0,"","","timeout(4000ms)"